[{
  "_id": {
    "$oid": "6248896ef4fb08e41ea6e3a8"
  },
  "products": [
    {
      "name": "Super Diesel",
      "type": "Diesel",
      "stock": {
        "$numberDecimal": "5000"
      }
    },
    {
      "name": "Diesel+",
      "type": "Diesel",
      "stock": {
        "$numberDecimal": "4000"
      }
    }
  ],
  "address": {
    "country": "Poland",
    "region": "Mazowieckie",
    "city": "Warsaw",
    "street": "Marszałkowska",
    "number": "51",
    "zip_code": "00-123"
  }
},{
  "_id": {
    "$oid": "6248896ef4fb08e41ea6e3a9"
  },
  "products": [
    {
      "name": "Super 95",
      "type": "95",
      "stock": {
        "$numberDecimal": "4000"
      }
    },
    {
      "name": "Diesel+",
      "type": "Diesel",
      "stock": {
        "$numberDecimal": "6000"
      }
    }
  ],
  "address": {
    "country": "Poland",
    "region": "Lubelskie",
    "city": "Lublin",
    "street": "Nadbystrzycka",
    "number": "24",
    "zip_code": "01-123"
  }
},{
  "_id": {
    "$oid": "6248896ef4fb08e41ea6e3aa"
  },
  "products": [
    {
      "name": "Super Diesel",
      "type": "Diesel",
      "stock": {
        "$numberDecimal": "3000"
      }
    },
    {
      "name": "Diesel+",
      "type": "Diesel",
      "stock": {
        "$numberDecimal": "5600"
      }
    },
    {
      "name": "Super 95",
      "type": "95",
      "stock": {
        "$numberDecimal": "3000"
      }
    }
  ],
  "address": {
    "country": "Poland",
    "region": "Wielkopolskie",
    "city": "Poznań",
    "street": "Warszawska",
    "number": "34",
    "zip_code": "24-123"
  }
}]