[{"id":466,"name":"Niech \u017byje Bal","artists":"Maryla Rodowicz","spotifyId":"7ipEVLIjUc7nAxKe9reo7H","favorite":1,"previewUrl":"https:\/\/p.scdn.co\/mp3-preview\/625532df5cd99beacbb67d95cab48564712a2dba?cid=95fc4b149fdf4874b4bdfa4aaf926bf0","popularity":45,"durationMs":317200,"image":"https:\/\/i.scdn.co\/image\/ab67616d0000b273510b37e772bdf2e8204beb0a"},{"id":467,"name":"Ma\u0142go\u015bka","artists":"Maryla Rodowicz","spotifyId":"406CXfShfgeftnNLmJl49t","favorite":1,"previewUrl":"https:\/\/p.scdn.co\/mp3-preview\/fde03a4a18ab5cf9c0a5591450b247bf5669186a?cid=95fc4b149fdf4874b4bdfa4aaf926bf0","popularity":43,"durationMs":265293,"image":"https:\/\/i.scdn.co\/image\/ab67616d0000b273510b37e772bdf2e8204beb0a"},{"id":468,"name":"Ale To Ju\u017c By\u0142o","artists":"Andrzej Sikorowski","spotifyId":"2qHB1reRYggeHc1ztibrcJ","favorite":1,"previewUrl":"https:\/\/p.scdn.co\/mp3-preview\/842814fa6ba10095f7636a7262f08e6b3adde3d5?cid=95fc4b149fdf4874b4bdfa4aaf926bf0","popularity":36,"durationMs":195626,"image":"https:\/\/i.scdn.co\/image\/ab67616d0000b2738fcfccb7b1a04f9f4cd440bb"},{"id":null,"name":"Wariatka Ta\u0144czy","artists":"Maryla Rodowicz","spotifyId":"6MUfjVKuHT0b7nop3npJLD","favorite":0,"previewUrl":null,"popularity":41,"durationMs":243520,"image":"https:\/\/i.scdn.co\/image\/ab67616d0000b27395a3144f483e03abbd6080b2"},{"id":null,"name":"Sing-Sing","artists":"Maryla Rodowicz","spotifyId":"5Y8Dsq5Rms5cuUWnWk37m0","favorite":0,"previewUrl":"https:\/\/p.scdn.co\/mp3-preview\/b1a2c2a0db34cd3bcdab3be657a9ec2c3bfb1fd5?cid=95fc4b149fdf4874b4bdfa4aaf926bf0","popularity":43,"durationMs":164687,"image":"https:\/\/i.scdn.co\/image\/ab67616d0000b273ece8a76bf01a4e81ad131d4e"},{"id":null,"name":"W Sumie Nie Jest \u0179le","artists":"Maryla Rodowicz","spotifyId":"4wje4UW0sJpsxVmfL2nGTt","favorite":0,"previewUrl":"https:\/\/p.scdn.co\/mp3-preview\/24cfb28f141a9e4ec4d4ea6ae3af3c1444d63f27?cid=95fc4b149fdf4874b4bdfa4aaf926bf0","popularity":40,"durationMs":197840,"image":"https:\/\/i.scdn.co\/image\/ab67616d0000b273d0eaa4b21c4ba6d241ebc47e"},{"id":null,"name":"Ma\u0142go\u015bka, szkoda \u0142ez","artists":"Maryla Rodowicz","spotifyId":"4pi02xa3zjzM6O69H7FYf5","favorite":0,"previewUrl":"https:\/\/p.scdn.co\/mp3-preview\/cdb5f77824d8449b1e201b70c602d00fa1ee9a5f?cid=95fc4b149fdf4874b4bdfa4aaf926bf0","popularity":31,"durationMs":260939,"image":"https:\/\/i.scdn.co\/image\/ab67616d0000b273bdaac6db7b768428d10e993a"},{"id":null,"name":"Pelnia","artists":"Donatan","spotifyId":"0HRx9UohVc2BkCOApKO6wn","favorite":0,"previewUrl":null,"popularity":39,"durationMs":202200,"image":"https:\/\/i.scdn.co\/image\/ab67616d0000b27386b01c9e7f44aba1e3a20239"},{"id":null,"name":"Wielka Woda","artists":"Maryla Rodowicz","spotifyId":"1vmsNsiWq1lp5uZEpFDEJ6","favorite":0,"previewUrl":"https:\/\/p.scdn.co\/mp3-preview\/ee79ab12bf4aba5d54423be85215ca3d865d226e?cid=95fc4b149fdf4874b4bdfa4aaf926bf0","popularity":39,"durationMs":316080,"image":"https:\/\/i.scdn.co\/image\/ab67616d0000b273510b37e772bdf2e8204beb0a"},{"id":null,"name":"Dam\u0105 by\u0107","artists":"Maryla Rodowicz","spotifyId":"3Wi15minosc6FZRiYcZXlW","favorite":0,"previewUrl":"https:\/\/p.scdn.co\/mp3-preview\/b39dc04daafd3654c449d8e03a2f65d9c91c5f33?cid=95fc4b149fdf4874b4bdfa4aaf926bf0","popularity":35,"durationMs":123530,"image":"https:\/\/i.scdn.co\/image\/ab67616d0000b273ece8a76bf01a4e81ad131d4e"},{"id":null,"name":"Wszyscy Chca Kochac","artists":"Maryla Rodowicz","spotifyId":"1XY9B7xs8hTTTwCbphBNkc","favorite":0,"previewUrl":"https:\/\/p.scdn.co\/mp3-preview\/7a686b0cadd0749d8e995db758e616bba0a613f2?cid=95fc4b149fdf4874b4bdfa4aaf926bf0","popularity":33,"durationMs":178213,"image":"https:\/\/i.scdn.co\/image\/ab67616d0000b2731d5257815bc63c0e7437b0fe"},{"id":null,"name":"Dalej","artists":"Cleo","spotifyId":"74BHXJWJzyFhAlFw68eezI","favorite":0,"previewUrl":"https:\/\/p.scdn.co\/mp3-preview\/5965a7448b77302e1169fa5addb67736d9d6136a?cid=95fc4b149fdf4874b4bdfa4aaf926bf0","popularity":37,"durationMs":183684,"image":"https:\/\/i.scdn.co\/image\/ab67616d0000b27378b4fc6382294ff9475566a0"},{"id":null,"name":"Do \u0142ezki \u0142ezka","artists":"Maryla Rodowicz","spotifyId":"2O7mO6fxYKqeK7RMG92X76","favorite":0,"previewUrl":"https:\/\/p.scdn.co\/mp3-preview\/24fb87358e40bdb8e302b1e010593256ff979fae?cid=95fc4b149fdf4874b4bdfa4aaf926bf0","popularity":33,"durationMs":268455,"image":"https:\/\/i.scdn.co\/image\/ab67616d0000b273bdaac6db7b768428d10e993a"},{"id":null,"name":"\u0141atwopalni","artists":"Sylwia Drabik","spotifyId":"6meWbD6LiPA3FlPpOYfEBs","favorite":0,"previewUrl":"https:\/\/p.scdn.co\/mp3-preview\/b6a80ea93f61eba6911ed5e71fecc07a3459f5f9?cid=95fc4b149fdf4874b4bdfa4aaf926bf0","popularity":18,"durationMs":259626,"image":"https:\/\/i.scdn.co\/image\/ab67616d0000b273397ca4090c8119e527f57e81"},{"id":null,"name":"Marusia","artists":"Maryla Rodowicz","spotifyId":"5tuLBiyZBN8f18CA0A2cD2","favorite":0,"previewUrl":null,"popularity":19,"durationMs":195773,"image":"https:\/\/i.scdn.co\/image\/ab67616d0000b273e97e817fc228e412d2e56e4c"},{"id":null,"name":"Dzi\u015b Prawdziwych Cygan\u00f3w Ju\u017c Nie Ma","artists":"Maryla Rodowicz","spotifyId":"15hFIfecrt1vEKtOwmHBoI","favorite":0,"previewUrl":"https:\/\/p.scdn.co\/mp3-preview\/4a71288c650153b3f2847b6af499b4e2aa27d7c3?cid=95fc4b149fdf4874b4bdfa4aaf926bf0","popularity":31,"durationMs":274880,"image":"https:\/\/i.scdn.co\/image\/ab67616d0000b273510b37e772bdf2e8204beb0a"},{"id":null,"name":"Ludzkie gadanie","artists":"Maryla Rodowicz","spotifyId":"2JuM8RSF5mYmYFX9Azy7pR","favorite":0,"previewUrl":"https:\/\/p.scdn.co\/mp3-preview\/d5b1c3d66c7d766d563fabcbf7e54767bb704a06?cid=95fc4b149fdf4874b4bdfa4aaf926bf0","popularity":33,"durationMs":263918,"image":"https:\/\/i.scdn.co\/image\/ab67616d0000b273ece8a76bf01a4e81ad131d4e"},{"id":null,"name":"Kolorowe jarmarki","artists":"Janusz Laskowski","spotifyId":"5SsnNMLvRpJLBdM99fHj2p","favorite":0,"previewUrl":"https:\/\/p.scdn.co\/mp3-preview\/df48ed4c24e38bded44b362272ebd92681934065?cid=95fc4b149fdf4874b4bdfa4aaf926bf0","popularity":34,"durationMs":216173,"image":"https:\/\/i.scdn.co\/image\/ab67616d0000b27312cfad35e8cb78768ea6d7ea"},{"id":null,"name":"Ma\u0142go\u015bka, szkoda \u0142ez","artists":"Maryla Rodowicz","spotifyId":"2v2G6TYGCLb0tf8r9nM23z","favorite":0,"previewUrl":"https:\/\/p.scdn.co\/mp3-preview\/67aeca8c2f4163c620a7bc6d8aa0fa1539877874?cid=95fc4b149fdf4874b4bdfa4aaf926bf0","popularity":15,"durationMs":259786,"image":"https:\/\/i.scdn.co\/image\/ab67616d0000b273be321fce6c16db89815f9829"},{"id":null,"name":"Jest Cudnie","artists":"Maryla Rodowicz","spotifyId":"2dFdumtkHdoqii9RO0wYTT","favorite":0,"previewUrl":"https:\/\/p.scdn.co\/mp3-preview\/dbe16429532126b30f603fc6f8750d31d9fcf2fe?cid=95fc4b149fdf4874b4bdfa4aaf926bf0","popularity":32,"durationMs":213906,"image":"https:\/\/i.scdn.co\/image\/ab67616d0000b27388b52927ebc2067fc7ae4368"}]