[
    {
        "id": 268,
        "name": "Wielka Woda",
        "artists": "Maryla Rodowicz",
        "spotifyId": "1vmsNsiWq1lp5uZEpFDEJ6",
        "favorite": 1,
        "previewUrl": "https:\/\/p.scdn.co\/mp3-preview\/ee79ab12bf4aba5d54423be85215ca3d865d226e?cid=95fc4b149fdf4874b4bdfa4aaf926bf0",
        "popularity": 38,
        "durationMs": 316080,
        "image": "https:\/\/i.scdn.co\/image\/ab67616d0000b273510b37e772bdf2e8204beb0a"
    },
    {
        "id": 269,
        "name": "Wielka woda",
        "artists": "Martin Kuzniar",
        "spotifyId": "1PM3Rgl0He7wrYc8LGDjq4",
        "favorite": 1,
        "previewUrl": "https:\/\/p.scdn.co\/mp3-preview\/508925b50405fc43d523efdfcdfe52975bba07f6?cid=95fc4b149fdf4874b4bdfa4aaf926bf0",
        "popularity": 7,
        "durationMs": 76852,
        "image": "https:\/\/i.scdn.co\/image\/ab67616d0000b273ac115f4819a0fd085359272d"
    },
    {
        "id": 270,
        "name": "Wielka Woda",
        "artists": "Maja Kleszcz",
        "spotifyId": "33e5vNkF6PFB01WDh1Kp4v",
        "favorite": 1,
        "previewUrl": "https:\/\/p.scdn.co\/mp3-preview\/44141110dde04a60997a258752b1f23123c47762?cid=95fc4b149fdf4874b4bdfa4aaf926bf0",
        "popularity": 15,
        "durationMs": 223000,
        "image": "https:\/\/i.scdn.co\/image\/ab67616d0000b273ec60825f5eb5b7738d38758f"
    },
    {
        "id": null,
        "name": "Wielka Woda - Live",
        "artists": "Maryla Rodowicz",
        "spotifyId": "6qW3Acx9SBaa8E78eMyT03",
        "favorite": 0,
        "previewUrl": "https:\/\/p.scdn.co\/mp3-preview\/1097f79d609b2fdd3d86999c4fd16575f78aaeca?cid=95fc4b149fdf4874b4bdfa4aaf926bf0",
        "popularity": 15,
        "durationMs": 298200,
        "image": "https:\/\/i.scdn.co\/image\/ab67616d0000b2735b0c14c5fc455a3e496d6845"
    },
    {
        "id": null,
        "name": "Wielka woda",
        "artists": "Zbigniew Preisner",
        "spotifyId": "5AgV9ECWcGIefGeLpFHtpR",
        "favorite": 0,
        "previewUrl": "https:\/\/p.scdn.co\/mp3-preview\/4a9fb8a78379ce857395c13fbaf0e43e0c821786?cid=95fc4b149fdf4874b4bdfa4aaf926bf0",
        "popularity": 8,
        "durationMs": 299093,
        "image": "https:\/\/i.scdn.co\/image\/ab67616d0000b2734b96a6eddc42f45c95b461ea"
    },
    {
        "id": null,
        "name": "Wielka woda",
        "artists": "Raz Dwa Trzy",
        "spotifyId": "78DjRb2rOv23DMG7tQQ6AC",
        "favorite": 0,
        "previewUrl": "https:\/\/p.scdn.co\/mp3-preview\/00353710fdf0919cc1cdbab4b46364aa64cf3c55?cid=95fc4b149fdf4874b4bdfa4aaf926bf0",
        "popularity": 13,
        "durationMs": 354933,
        "image": "https:\/\/i.scdn.co\/image\/ab67616d0000b27302f6bc16a25d738901780777"
    },
    {
        "id": null,
        "name": "Wielka woda",
        "artists": "Maja Kleszcz",
        "spotifyId": "37Pge2KNMyeNGCH5nfqI3v",
        "favorite": 0,
        "previewUrl": "https:\/\/p.scdn.co\/mp3-preview\/c6beb20c3295e5360b92ce3a3829376db3017702?cid=95fc4b149fdf4874b4bdfa4aaf926bf0",
        "popularity": 7,
        "durationMs": 214546,
        "image": "https:\/\/i.scdn.co\/image\/ab67616d0000b273e6fdf2137c2c7d6e2503200c"
    },
    {
        "id": null,
        "name": "Wielka woda",
        "artists": "Margita \u015alizowska",
        "spotifyId": "5juNQGuKy2lbXMDPLS4rGL",
        "favorite": 0,
        "previewUrl": "https:\/\/p.scdn.co\/mp3-preview\/0947399871c84d3dcb9c1a4cc9effca8d8b22a62?cid=95fc4b149fdf4874b4bdfa4aaf926bf0",
        "popularity": 1,
        "durationMs": 192720,
        "image": "https:\/\/i.scdn.co\/image\/ab67616d0000b273864be26f7a13684472790b8f"
    },
    {
        "id": null,
        "name": "Strasznie Wielka Woda",
        "artists": "Astrid Lindgren",
        "spotifyId": "1rhUuaeIq9CcdPlzDUcs8E",
        "favorite": 0,
        "previewUrl": "https:\/\/p.scdn.co\/mp3-preview\/64d3a62ae12a7f7be8b5ddd39f5c42aa59aea80d?cid=95fc4b149fdf4874b4bdfa4aaf926bf0",
        "popularity": 8,
        "durationMs": 94000,
        "image": "https:\/\/i.scdn.co\/image\/ab67616d0000b2734a442d40cdc74997672cc990"
    },
    {
        "id": null,
        "name": "Rozmowa Przez Ocean",
        "artists": "Maysterki",
        "spotifyId": "7ztom2hT0fhCbA5nbBxzHP",
        "favorite": 0,
        "previewUrl": "https:\/\/p.scdn.co\/mp3-preview\/06456669058e6c473f58bb4c5ca990c3cb842a62?cid=95fc4b149fdf4874b4bdfa4aaf926bf0",
        "popularity": 13,
        "durationMs": 274493,
        "image": "https:\/\/i.scdn.co\/image\/ab67616d0000b2739a204e96df723070ed74e54d"
    },
    {
        "id": null,
        "name": "Cicha woda",
        "artists": "Barbara Dunin",
        "spotifyId": "38ePDoX3TjisHAIAU1qES5",
        "favorite": 0,
        "previewUrl": "https:\/\/p.scdn.co\/mp3-preview\/b68911b92bd7faebc8b4413027139862c3d542f5?cid=95fc4b149fdf4874b4bdfa4aaf926bf0",
        "popularity": 32,
        "durationMs": 144693,
        "image": "https:\/\/i.scdn.co\/image\/ab67616d0000b2739d8af0e3eee51a617538a29e"
    },
    {
        "id": null,
        "name": "Wariatka Ta\u0144czy",
        "artists": "Maryla Rodowicz",
        "spotifyId": "6MUfjVKuHT0b7nop3npJLD",
        "favorite": 0,
        "previewUrl": null,
        "popularity": 40,
        "durationMs": 243520,
        "image": "https:\/\/i.scdn.co\/image\/ab67616d0000b27395a3144f483e03abbd6080b2"
    },
    {
        "id": null,
        "name": "Velka voda \/ Wielka woda",
        "artists": "Jaromir Nohavica",
        "spotifyId": "1ag9gwEg5TghVAYRPx4GVe",
        "favorite": 0,
        "previewUrl": "https:\/\/p.scdn.co\/mp3-preview\/25ed7a08ecfffeeb0cf18afd315193aadefc51e2?cid=95fc4b149fdf4874b4bdfa4aaf926bf0",
        "popularity": 1,
        "durationMs": 192093,
        "image": "https:\/\/i.scdn.co\/image\/ab67616d0000b273999b15939fefa2c484945bae"
    },
    {
        "id": null,
        "name": "Wielka woda",
        "artists": "Maja Kleszcz",
        "spotifyId": "5r1XImTv3xLdGJrfEAZr1C",
        "favorite": 0,
        "previewUrl": "https:\/\/p.scdn.co\/mp3-preview\/564378943aab4557013eda98bf107679f29a234a?cid=95fc4b149fdf4874b4bdfa4aaf926bf0",
        "popularity": 1,
        "durationMs": 215098,
        "image": "https:\/\/i.scdn.co\/image\/ab67616d0000b273eabf9820ffc7a981b7a08d1f"
    },
    {
        "id": null,
        "name": "Do \u0142ezki \u0142ezka",
        "artists": "Maryla Rodowicz",
        "spotifyId": "2O7mO6fxYKqeK7RMG92X76",
        "favorite": 0,
        "previewUrl": "https:\/\/p.scdn.co\/mp3-preview\/24fb87358e40bdb8e302b1e010593256ff979fae?cid=95fc4b149fdf4874b4bdfa4aaf926bf0",
        "popularity": 33,
        "durationMs": 268455,
        "image": "https:\/\/i.scdn.co\/image\/ab67616d0000b273bdaac6db7b768428d10e993a"
    },
    {
        "id": null,
        "name": "Wysoka Woda",
        "artists": "Donguralesko",
        "spotifyId": "0wYu3M40ckzhuIRrCOb9Is",
        "favorite": 0,
        "previewUrl": "https:\/\/p.scdn.co\/mp3-preview\/844923f900ff5ca795e5f6bf318088ff140af1e8?cid=95fc4b149fdf4874b4bdfa4aaf926bf0",
        "popularity": 36,
        "durationMs": 220800,
        "image": "https:\/\/i.scdn.co\/image\/ab67616d0000b273571366bea9ed9a51b8317810"
    },
    {
        "id": null,
        "name": "W pami\u0119tniku Zofii Bobr\u00f3wny",
        "artists": "Stanis\u0142aw Klawe",
        "spotifyId": "0XVU54ZaVxQPDiLmthK77q",
        "favorite": 0,
        "previewUrl": "https:\/\/p.scdn.co\/mp3-preview\/4e4aff2a74830a2fd837d7b21e04933ea49a3870?cid=95fc4b149fdf4874b4bdfa4aaf926bf0",
        "popularity": 1,
        "durationMs": 168533,
        "image": "https:\/\/i.scdn.co\/image\/ab67616d0000b2733f372bcbac7b8c39963709a1"
    },
    {
        "id": null,
        "name": "Niech \u017byje Bal",
        "artists": "Maryla Rodowicz",
        "spotifyId": "7ipEVLIjUc7nAxKe9reo7H",
        "favorite": 0,
        "previewUrl": "https:\/\/p.scdn.co\/mp3-preview\/625532df5cd99beacbb67d95cab48564712a2dba?cid=95fc4b149fdf4874b4bdfa4aaf926bf0",
        "popularity": 45,
        "durationMs": 317200,
        "image": "https:\/\/i.scdn.co\/image\/ab67616d0000b273510b37e772bdf2e8204beb0a"
    },
    {
        "id": null,
        "name": "Cicha woda",
        "artists": "Zesp\u00f3\u0142 Krakusy",
        "spotifyId": "3a6vXuavqE9qZTw6ldM4yO",
        "favorite": 0,
        "previewUrl": "https:\/\/p.scdn.co\/mp3-preview\/2ab849e71e8ef70a6c23d077cbcfa5bce3ee1393?cid=95fc4b149fdf4874b4bdfa4aaf926bf0",
        "popularity": 19,
        "durationMs": 233573,
        "image": "https:\/\/i.scdn.co\/image\/ab67616d0000b27347d1930a461ba48f85a01c9d"
    },
    {
        "id": null,
        "name": "Pie\u015b\u0144 Filaret\u00f3w Hej u\u017cyjmy \u017cywota",
        "artists": "Stanis\u0142aw Klawe",
        "spotifyId": "6ageA9IqUEFtF8Gpchv4JB",
        "favorite": 0,
        "previewUrl": "https:\/\/p.scdn.co\/mp3-preview\/b310ddceaa43ee1f9d748db35dd87ca6ad451c69?cid=95fc4b149fdf4874b4bdfa4aaf926bf0",
        "popularity": 0,
        "durationMs": 138760,
        "image": "https:\/\/i.scdn.co\/image\/ab67616d0000b2733f372bcbac7b8c39963709a1"
    }
]