<?xml version="1.0" encoding="UTF-8"?>
<project-private xmlns="http://www.netbeans.org/ns/project-private/1">
    <editor-bookmarks xmlns="http://www.netbeans.org/ns/editor-bookmarks/2" lastBookmarkId="0"/>
    <open-files xmlns="http://www.netbeans.org/ns/projectui-open-files/2">
        <group>
            <file>file:/C:/xampp/htdocs/PhpProject1/funkcje.php</file>
            <file>file:/C:/xampp/htdocs/PhpProject1/formularz.html</file>
            <file>file:/C:/xampp/htdocs/PhpProject1/odbierz.php</file>
            <file>file:/C:/xampp/htdocs/PhpProject1/pliki.php</file>
            <file>file:/C:/xampp/htdocs/PhpProject1/formularz.php</file>
            <file>file:/C:/xampp/htdocs/PhpProject1/odbierz3.php</file>
            <file>file:/C:/xampp/htdocs/PhpProject1/odbierz2.php</file>
        </group>
    </open-files>
</project-private>
